acl_id,survey_section,paradigm,year,transp_compensation,transp_selection_criteria,transp_expertise,transp_language_background,transp_adjudication
2005.mtsummit-papers.17,§4.7,classical,2005,False,False,True,False,False
2010.jeptalnrecital-long.35,§3,classical,2010,False,False,False,False,False
2011.jeptalnrecital-long.16,§3,classical,2011,False,False,False,False,False
2011.jeptalnrecital-demonstration.15,§3,classical,2011,False,False,False,False,False
2013.iwslt-evaluation.2,§4.7,classical,2013,False,False,True,True,False
2014.lilt-9.10,§4.3,classical,2014,False,False,True,False,False
2016.lilt-13.2,§4.3,classical,2016,False,True,False,True,False
2016.lilt-14.6,§4.4,classical,2016,False,False,True,False,True
2018.clib-1.9,§4.6,classical,2018,False,False,False,False,False
2018.clicit-1.37,§3,crowdsourced,2018,False,False,True,False,False
2018.gwc-1.18,§4.3,crowdsourced,2018,True,False,True,False,False
2018.gwc-1.21,§4.3,classical,2018,False,False,True,False,True
2019.tal-2.3,§3,classical,2019,False,False,True,False,False
2020.acl-main.116,§4.2,classical,2020,False,False,True,False,False
2020.acl-srw.24,§4.6,crowdsourced,2020,True,False,True,False,False
2020.alw-1.21,§4.5,crowdsourced,2020,True,False,True,True,False
2020.alw-1.22,§4.5,crowdsourced,2020,False,False,True,True,True
2020.argmining-1.2,§4.5,classical,2020,True,False,False,True,False
2020.argmining-1.11,§4.5,classical,2020,False,False,True,False,False
2020.clinicalnlp-1.21,§4.4,classical,2020,False,False,False,False,False
2020.coling-main.32,§4.7,crowdsourced,2020,True,False,True,True,False
2020.coling-main.74,§4.3,classical,2020,False,False,True,True,False
2020.coling-main.421,§3,classical,2020,False,False,False,False,False
2020.coling-main.422,§4.6,crowdsourced,2020,True,True,True,False,True
2020.coling-demos.14,§4.1,crowdsourced,2020,True,False,False,False,False
2020.eamt-1.49,§4.7,classical,2020,True,False,True,True,False
2020.emnlp-main.11,§4.6,crowdsourced,2020,False,False,False,True,False
2020.emnlp-main.679,§4.5,classical,2020,True,True,True,False,True
2020.isa-1.2,§4.4,classical,2020,False,False,True,False,False
2020.law-1.4,§4.3,classical,2020,False,False,False,False,False
2020.law-1.7,§4.6,crowdsourced,2020,False,True,True,False,True
2020.lrec-1.9,§4.4,crowdsourced,2020,True,False,False,True,False
2020.lrec-1.103,§4.1,classical,2020,False,False,False,False,False
2020.lrec-1.104,§4.1,llm_annotator,2020,False,False,False,True,False
2020.lrec-1.112,§4.1,classical,2020,False,False,True,False,False
2020.lrec-1.129,§4.3,classical,2020,True,False,True,False,False
2020.lrec-1.133,§4.3,classical,2020,False,False,False,False,False
2020.lrec-1.147,§4.3,classical,2020,False,False,True,True,True
2020.lrec-1.149,§4.3,classical,2020,False,False,False,False,False
2020.lrec-1.227,§4.3,classical,2020,False,False,False,False,False
2020.lrec-1.245,§4.2,classical,2020,True,False,True,False,False
2020.lrec-1.265,§4.1,classical,2020,False,False,False,False,False
2020.lrec-1.339,§4.5,classical,2020,False,False,False,False,True
2020.lrec-1.468,§4.7,classical,2020,False,False,True,True,False
2020.lrec-1.559,§4.2,classical,2020,False,False,True,True,False
2020.lrec-1.562,§4.2,classical,2020,False,True,False,False,False
2020.lrec-1.566,§4.2,classical,2020,False,False,False,False,True
2020.lrec-1.567,§4.2,classical,2020,False,False,True,True,False
2020.lrec-1.618,§4.5,classical,2020,False,False,True,False,True
2020.lrec-1.621,§4.5,crowdsourced,2020,False,False,True,False,False
2020.lrec-1.626,§4.5,crowdsourced,2020,False,False,False,True,False
2020.lrec-1.638,§4.2,classical,2020,False,False,True,True,False
2020.lrec-1.709,§4.3,crowdsourced,2020,False,False,True,False,False
2020.lrec-1.731,§4.3,classical,2020,False,False,True,False,True
2020.lrec-1.733,§4.3,classical,2020,True,False,True,True,True
2020.lrec-1.769,§4.5,classical,2020,False,False,False,True,False
2020.lrec-1.775,§4.1,classical,2020,False,False,False,False,True
2020.lrec-1.815,§4.1,classical,2020,False,False,False,True,False
2020.lrec-1.834,§4.2,classical,2020,False,False,False,False,False
2020.lrec-1.861,§3,classical,2020,False,False,True,False,False
2020.nlpcovid19-acl.6,§4.6,crowdsourced,2020,True,True,True,True,True
2020.nlpcss-1.15,§4.4,classical,2020,True,False,True,False,True
2020.peoples-1.5,§4.5,classical,2020,False,False,True,True,False
2020.sdp-1.16,§4.1,classical,2020,False,False,False,False,False
2020.semeval-1.222,§4.6,crowdsourced,2020,False,False,True,False,False
2020.sltu-1.25,§4.5,classical,2020,False,False,True,True,False
2020.sltu-1.28,§4.5,classical,2020,False,False,True,True,False
2020.smm4h-1.3,§4.4,classical,2020,False,False,True,False,True
2020.socialnlp-1.4,§4.5,crowdsourced,2020,True,False,True,False,False
2020.starsem-1.9,§4.1,crowdsourced,2020,False,False,False,False,False
2020.winlp-1.28,§4.5,classical,2020,False,False,False,False,False
2020.wmt-1.137,§4.7,classical,2020,True,False,True,True,False
2021.acl-long.1,§4.5,crowdsourced,2021,False,True,True,False,False
2021.acl-long.314,§4.3,classical,2021,True,False,True,True,False
2021.acl-long.548,§4.1,crowdsourced,2021,True,True,True,False,False
2021.acl-long.550,§4.3,crowdsourced,2021,True,True,True,True,False
2021.alta-1.2,§4.1,crowdsourced,2021,True,True,True,False,False
2021.bppf-1.2,§3,crowdsourced,2021,False,False,True,False,True
2021.bppf-1.3,§4.1,crowdsourced,2021,False,False,False,False,True
2021.conll-1.18,§4.7,classical,2021,False,False,False,True,False
2021.crac-1.3,§4.4,classical,2021,True,False,False,False,False
2021.discann-1.1,§4.3,classical,2021,False,False,False,False,True
2021.eacl-main.67,§4.2,classical,2021,True,False,True,True,False
2021.eacl-main.276,§4.1,classical,2021,False,False,False,False,False
2021.eacl-demos.5,§4.1,classical,2021,True,False,True,False,False
2021.ecnlp-1.17,§4.5,classical,2021,False,False,True,True,False
2021.emnlp-main.101,§4.2,crowdsourced,2021,True,False,True,False,False
2021.emnlp-main.678,§4.4,classical,2021,True,False,False,True,False
2021.eval4nlp-1.3,§4.5,classical,2021,False,False,True,False,False
2021.findings-emnlp.101,§3,crowdsourced,2021,True,False,True,False,True
2021.humeval-1.4,§4.7,classical,2021,True,False,True,True,False
2021.humeval-1.11,§4.7,crowdsourced,2021,False,False,False,True,False
2021.humeval-1.12,§4.3,classical,2021,True,False,True,True,False
2021.icnlsp-1.1,§4.5,crowdsourced,2021,True,False,True,False,False
2021.inlg-1.31,§4.7,classical,2021,True,False,False,True,False
2021.latechclfl-1.4,§3,classical,2021,False,False,True,False,False
2021.latechclfl-1.6,§4.4,classical,2021,False,False,True,False,False
2021.law-1.10,§4.3,classical,2021,True,False,True,False,False
2021.law-1.14,§4.6,crowdsourced,2021,False,True,True,False,True
2021.mrl-1.19,§4.2,classical,2021,False,False,True,True,False
2021.naacl-main.204,§4.6,crowdsourced,2021,False,False,False,False,False
2021.naacl-main.347,§4.5,classical,2021,True,False,True,True,True
2021.nodalida-main.22,§4.1,classical,2021,False,False,True,True,False
2021.ranlp-1.102,§4.5,classical,2021,False,True,False,True,False
2021.ranlp-1.170,§4.5,crowdsourced,2021,True,False,True,True,True
2021.reinact-1.4,§4.3,classical,2021,False,False,False,False,False
2021.sigdial-1.10,§4.7,crowdsourced,2021,False,False,True,False,False
2021.socialnlp-1.7,§4.5,crowdsourced,2021,True,False,True,False,False
2021.unimplicit-1.3,§4.6,classical,2021,False,False,True,False,False
2021.wanlp-1.16,§4.5,classical,2021,False,True,False,True,False
2021.wassa-1.17,§4.4,crowdsourced,2021,False,False,False,False,True
2021.woah-1.16,§4.5,crowdsourced,2021,False,True,False,False,False
2022.aacl-short.13,§4.2,classical,2022,False,False,False,True,False
2022.aacl-short.52,§4.5,classical,2022,False,False,False,False,True
2022.acl-long.126,§3,crowdsourced,2022,False,False,False,True,False
2022.acl-short.42,§4.1,crowdsourced,2022,True,False,False,False,False
2022.acl-demo.14,§3,crowdsourced,2022,True,False,True,True,False
2022.bea-1.22,§4.6,classical,2022,False,False,False,False,True
2022.bionlp-1.26,§4.1,classical,2022,False,False,True,False,False
2022.clpsych-1.11,§4.6,crowdsourced,2022,False,False,True,False,False
2022.coling-1.322,§4.3,crowdsourced,2022,False,False,True,False,False
2022.coling-1.328,§4.7,crowdsourced,2022,False,True,True,True,False
2022.coling-1.495,§4.6,llm_annotator,2022,False,False,True,True,False
2022.coling-1.541,§4.7,crowdsourced,2022,False,False,False,True,False
2022.coling-1.609,§4.2,classical,2022,True,True,True,False,False
2022.crac-1.4,§4.7,crowdsourced,2022,True,True,False,False,False
2022.crac-1.6,§4.1,classical,2022,False,False,True,False,False
2022.dadc-1.4,§4.1,llm_annotator,2022,True,False,False,False,False
2022.dadc-1.8,§4.6,classical,2022,False,False,False,False,False
2022.ecnlp-1.5,§4.1,classical,2022,False,False,False,False,False
2022.emnlp-main.49,§4.4,classical,2022,False,False,True,True,False
2022.emnlp-main.553,§4.5,crowdsourced,2022,False,False,True,False,True
2022.emnlp-main.594,§4.4,crowdsourced,2022,True,False,False,False,False
2022.emnlp-main.809,§4.5,crowdsourced,2022,True,True,False,False,True
2022.emnlp-industry.10,§4.7,classical,2022,True,False,False,False,False
2022.findings-acl.63,§4.4,classical,2022,False,False,True,False,False
2022.findings-emnlp.446,§4.2,classical,2022,True,False,False,False,False
2022.finnlp-1.22,§4.3,classical,2022,False,False,True,False,False
2022.gem-1.26,§4.7,classical,2022,False,False,True,False,False
2022.gwll-1.7,§4.3,classical,2022,False,False,False,False,False
2022.inlg-genchal.12,§4.7,classical,2022,False,False,True,True,False
2022.isa-1.3,§4.4,classical,2022,False,False,True,True,False
2022.isa-1.7,§4.7,classical,2022,False,True,True,False,False
2022.isa-1.9,§4.3,classical,2022,False,False,True,False,False
2022.law-1.6,§3,crowdsourced,2022,True,True,True,False,True
2022.law-1.14,§4.3,classical,2022,False,False,True,False,False
2022.law-1.18,§4.3,classical,2022,True,False,True,False,False
2022.lrec-1.2,§4.7,classical,2022,False,False,True,False,False
2022.lrec-1.26,§4.2,crowdsourced,2022,True,False,True,False,True
2022.lrec-1.49,§4.4,classical,2022,True,True,True,False,True
2022.lrec-1.72,§4.3,crowdsourced,2022,False,False,False,True,True
2022.lrec-1.80,§4.5,classical,2022,False,False,False,False,False
2022.lrec-1.83,§4.3,classical,2022,True,False,True,False,False
2022.lrec-1.111,§4.5,classical,2022,False,False,False,False,False
2022.lrec-1.145,§3,classical,2022,False,True,False,False,False
2022.lrec-1.148,§4.5,classical,2022,False,False,False,True,False
2022.lrec-1.170,§4.2,crowdsourced,2022,False,False,True,False,False
2022.lrec-1.196,§4.2,classical,2022,True,False,True,True,False
2022.lrec-1.201,§4.3,crowdsourced,2022,False,True,True,False,True
2022.lrec-1.261,§4.3,classical,2022,True,True,True,False,False
2022.lrec-1.315,§4.1,crowdsourced,2022,True,False,True,False,False
2022.lrec-1.385,§4.2,classical,2022,False,False,True,False,False
2022.lrec-1.389,§4.2,classical,2022,False,False,False,False,False
2022.lrec-1.471,§4.6,crowdsourced,2022,False,False,True,True,True
2022.lrec-1.498,§4.1,classical,2022,False,False,True,True,False
2022.lrec-1.519,§4.4,classical,2022,False,True,True,True,False
2022.lrec-1.568,§4.2,crowdsourced,2022,False,True,True,False,False
2022.lrec-1.593,§4.3,classical,2022,False,False,True,False,True
2022.lrec-1.629,§4.3,classical,2022,False,False,False,True,False
2022.lrec-1.634,§4.6,crowdsourced,2022,False,False,True,True,True
2022.lrec-1.658,§4.3,classical,2022,False,False,False,False,False
2022.lrec-1.757,§4.4,classical,2022,True,False,True,False,False
2022.lrec-1.777,§4.5,classical,2022,False,False,True,False,False
2022.naacl-main.67,§4.6,crowdsourced,2022,True,True,True,True,False
2022.nlp4dh-1.17,§4.6,classical,2022,False,True,True,True,False
2022.nlperspectives-1.1,§4.3,classical,2022,False,False,True,False,True
2022.nlperspectives-1.6,§4.5,crowdsourced,2022,True,False,False,False,False
2022.nlperspectives-1.7,§4.6,crowdsourced,2022,False,False,True,False,True
2022.nlperspectives-1.8,§4.6,crowdsourced,2022,True,False,False,False,True
2022.nlperspectives-1.11,§4.5,crowdsourced,2022,True,True,True,False,True
2022.osact-1.6,§4.5,classical,2022,False,True,False,True,False
2022.politicalnlp-1.5,§4.5,classical,2022,False,False,True,True,False
2022.smm4h-1.51,§3,crowdsourced,2022,False,False,False,False,False
2022.tacl-1.78,§4.1,crowdsourced,2022,False,False,True,False,True
2022.wanlp-1.15,§4.5,classical,2022,False,True,True,False,False
2022.wiesp-1.13,§4.1,classical,2022,True,False,True,False,False
2023.acl-long.54,§4.6,crowdsourced,2023,True,True,True,False,False
2023.acl-long.59,§4.6,crowdsourced,2023,True,True,False,False,False
2023.acl-long.228,§4.6,llm_annotator,2023,True,True,False,False,False
2023.acl-long.343,§4.6,crowdsourced,2023,True,True,True,False,False
2023.acl-long.778,§4.3,crowdsourced,2023,True,True,True,False,True
2023.acl-srw.30,§4.6,classical,2023,False,False,False,False,False
2023.arabicnlp-1.25,§4.2,classical,2023,False,True,False,False,False
2023.arabicnlp-1.29,§4.3,classical,2023,False,True,True,True,False
2023.bea-1.27,§4.6,llm_annotator,2023,True,False,True,False,False
2023.bea-1.49,§4.6,classical,2023,False,False,False,True,False
2023.cawl-1.3,§4.1,classical,2023,True,False,False,False,True
2023.clinicalnlp-1.29,§4.1,classical,2023,False,False,False,False,False
2023.codi-1.1,§4.3,classical,2023,True,False,True,False,False
2023.dmr-1.2,§4.1,classical,2023,False,False,True,True,False
2023.eacl-main.121,§4.7,crowdsourced,2023,True,True,True,True,False
2023.eacl-main.178,§4.6,crowdsourced,2023,False,True,True,False,False
2023.emnlp-main.6,§3,classical,2023,False,False,True,False,False
2023.emnlp-main.126,§4.6,crowdsourced,2023,False,False,False,False,False
2023.emnlp-main.324,§4.6,llm_annotator,2023,True,False,True,False,False
2023.emnlp-main.415,§4.6,classical,2023,False,False,True,False,False
2023.emnlp-main.600,§4.6,llm_annotator,2023,True,True,True,False,False
2023.emnlp-main.662,§4.2,classical,2023,True,False,True,False,False
2023.emnlp-main.1016,§4.4,llm_annotator,2023,True,False,True,False,False
2023.findings-eacl.91,§4.5,classical,2023,False,False,True,False,True
2023.findings-acl.287,§4.6,crowdsourced,2023,True,True,True,False,False
2023.findings-acl.658,§4.6,crowdsourced,2023,True,True,False,False,True
2023.findings-acl.696,§4.6,crowdsourced,2023,True,True,False,True,True
2023.findings-acl.780,§4.7,llm_annotator,2023,True,True,False,True,False
2023.findings-emnlp.355,§4.6,crowdsourced,2023,False,True,True,False,False
2023.findings-emnlp.832,§4.6,crowdsourced,2023,True,True,True,False,True
2023.gwc-1.23,§4.3,classical,2023,True,True,False,True,False
2023.humeval-1.10,§4.7,classical,2023,True,True,True,False,False
2023.humeval-1.15,§4.7,crowdsourced,2023,True,True,True,True,True
2023.law-1.1,§4.5,llm_annotator,2023,False,False,False,False,False
2023.law-1.10,§4.5,crowdsourced,2023,True,True,False,True,False
2023.law-1.16,§4.3,classical,2023,True,False,False,False,True
2023.law-1.18,§4.7,llm_annotator,2023,True,False,True,False,False
2023.law-1.20,§4.1,crowdsourced,2023,True,True,True,False,False
2023.ranlp-1.47,§4.1,crowdsourced,2023,False,False,True,False,True
2023.ranlp-stud.8,§4.1,crowdsourced,2023,True,False,True,False,False
2023.resourceful-1.2,§4.3,classical,2023,False,False,True,False,False
2023.semeval-1.12,§4.6,crowdsourced,2023,True,False,False,False,False
2023.semeval-1.148,§4.6,crowdsourced,2023,False,False,False,True,False
2023.semeval-1.231,§4.6,crowdsourced,2023,False,False,True,False,False
2023.semeval-1.261,§4.6,crowdsourced,2023,False,False,False,False,False
2023.semeval-1.272,§4.6,crowdsourced,2023,True,False,False,False,False
2023.semeval-1.294,§4.6,crowdsourced,2023,False,False,False,False,False
2023.wnu-1.14,§4.2,crowdsourced,2023,True,True,False,False,False
2023.woah-1.3,§4.5,classical,2023,False,False,True,False,False
2023.woah-1.24,§4.5,crowdsourced,2023,True,False,False,False,False
2024.acl-long.377,§4.6,classical,2024,True,False,False,False,False
2024.acl-short.70,§4.6,crowdsourced,2024,True,False,False,True,False
2024.alta-1.5,§4.6,llm_annotator,2024,False,False,False,True,False
2024.arabicnlp-1.26,§4.4,classical,2024,False,False,False,False,False
2024.arabicnlp-1.57,§3,classical,2024,False,False,True,True,False
2024.arabicnlp-1.60,§3,crowdsourced,2024,False,False,False,False,False
2024.arabicnlp-1.62,§3,llm_annotator,2024,False,False,True,False,True
2024.arabicnlp-1.68,§3,crowdsourced,2024,False,False,True,False,False
2024.arabicnlp-1.69,§3,classical,2024,False,False,True,False,False
2024.cl-2.3,§4.4,llm_annotator,2024,False,False,True,True,False
2024.cl-3.1,§4.1,crowdsourced,2024,True,True,True,False,True
2024.clib-1.12,§4.3,classical,2024,False,False,True,True,False
2024.clinicalnlp-1.11,§4.1,classical,2024,False,False,True,False,False
2024.cogalex-1.8,§4.3,llm_annotator,2024,True,True,True,True,False
2024.eacl-long.75,§4.6,classical,2024,True,True,False,False,False
2024.eacl-long.158,§4.2,llm_annotator,2024,True,False,True,False,False
2024.emnlp-main.696,§4.6,crowdsourced,2024,False,False,False,False,False
2024.emnlp-main.774,§4.6,classical,2024,True,True,False,False,False
2024.emnlp-main.953,§4.6,llm_annotator,2024,True,True,True,False,False
2024.figlang-1.8,§4.1,classical,2024,False,False,True,False,False
2024.findings-naacl.25,§4.6,classical,2024,True,False,True,False,False
2024.findings-acl.851,§4.3,llm_annotator,2024,True,False,False,False,False
2024.findings-acl.910,§4.4,crowdsourced,2024,True,False,True,False,False
2024.genbench-1.8,§4.4,crowdsourced,2024,True,False,True,False,False
2024.humeval-1.2,§4.6,llm_annotator,2024,True,False,True,True,False
2024.humeval-1.4,§4.1,classical,2024,False,True,True,True,False
2024.humeval-1.13,§4.7,classical,2024,True,True,True,True,False
2024.humeval-1.21,§4.7,classical,2024,True,True,True,False,False
2024.icnlsp-1.1,§4.6,crowdsourced,2024,False,True,True,False,True
2024.icon-1.9,§4.5,crowdsourced,2024,False,False,True,False,False
2024.isa-1.3,§4.1,classical,2024,False,True,False,True,False
2024.law-1.13,§4.5,llm_annotator,2024,True,False,True,False,False
2024.lrec-main.26,§4.1,classical,2024,False,False,True,True,False
2024.lrec-main.104,§4.5,classical,2024,True,False,True,False,True
2024.lrec-main.105,§4.4,classical,2024,True,False,True,False,False
2024.lrec-main.106,§4.3,classical,2024,True,True,True,True,True
2024.lrec-main.108,§4.3,classical,2024,False,False,False,False,False
2024.lrec-main.110,§4.5,classical,2024,True,False,True,False,False
2024.lrec-main.245,§4.1,crowdsourced,2024,True,False,True,True,True
2024.lrec-main.272,§4.3,classical,2024,True,True,True,True,False
2024.lrec-main.379,§4.5,classical,2024,False,True,True,True,True
2024.lrec-main.384,§4.5,classical,2024,False,False,True,True,False
2024.lrec-main.389,§4.3,classical,2024,True,False,False,True,False
2024.lrec-main.485,§4.1,crowdsourced,2024,False,False,False,False,False
2024.lrec-main.488,§4.4,classical,2024,False,True,False,False,False
2024.lrec-main.542,§4.3,classical,2024,True,True,True,True,False
2024.lrec-main.618,§4.6,llm_annotator,2024,False,False,True,False,True
2024.lrec-main.654,§4.4,classical,2024,True,True,True,False,False
2024.lrec-main.689,§4.6,crowdsourced,2024,True,True,True,False,True
2024.lrec-main.741,§4.1,llm_annotator,2024,True,False,False,False,True
2024.lrec-main.839,§4.3,classical,2024,False,False,True,True,True
2024.lrec-main.894,§4.3,classical,2024,True,True,True,False,False
2024.lrec-main.959,§4.2,classical,2024,True,True,True,False,True
2024.lrec-main.1171,§4.4,classical,2024,True,False,True,False,False
2024.lrec-main.1286,§4.3,classical,2024,True,False,True,True,False
2024.lrec-main.1295,§4.5,llm_annotator,2024,True,True,False,False,False
2024.lrec-main.1349,§4.3,classical,2024,True,False,False,False,True
2024.lrec-main.1485,§4.3,classical,2024,False,False,True,True,False
2024.lt4hala-1.13,§4.5,classical,2024,False,False,True,False,False
2024.mwe-1.16,§4.3,classical,2024,False,False,True,True,False
2024.naacl-long.126,§4.6,crowdsourced,2024,True,True,True,False,False
2024.nlp4dh-1.6,§4.5,crowdsourced,2024,True,False,True,False,True
2024.nlp4dh-1.34,§4.6,llm_annotator,2024,True,False,True,False,False
2024.nlp4dh-1.36,§4.6,llm_annotator,2024,False,False,True,True,True
2024.nlp4science-1.8,§4.6,classical,2024,True,True,True,False,False
2024.nlp4science-1.13,§4.5,classical,2024,False,False,False,True,False
2024.nlperspectives-1.6,§4.6,crowdsourced,2024,False,False,False,False,True
2024.nlperspectives-1.7,§4.6,classical,2024,False,False,True,False,True
2024.osact-1.1,§4.5,classical,2024,False,False,False,True,False
2024.politicalnlp-1.3,§4.5,llm_annotator,2024,False,False,True,False,False
2024.rail-1.13,§4.5,crowdsourced,2024,False,True,True,False,False
2024.rail-1.15,§4.5,crowdsourced,2024,True,False,True,True,False
2024.signlang-1.7,§3,classical,2024,False,False,True,False,False
2024.sigul-1.47,§4.5,classical,2024,False,False,False,True,False
2024.tacl-1.1,§4.6,crowdsourced,2024,True,False,True,False,False
2024.tacl-1.35,§4.6,crowdsourced,2024,False,False,True,True,True
2024.trac-1.10,§4.5,crowdsourced,2024,False,False,False,False,False
2024.wassa-1.18,§4.3,classical,2024,False,False,False,False,False
2025.acl-long.330,§4.5,llm_annotator,2025,True,True,True,True,True
2025.acl-long.809,§4.6,classical,2025,False,False,False,False,True
2025.acl-long.1002,§4.7,llm_annotator,2025,True,False,True,False,False
2025.acl-long.1101,§4.6,llm_annotator,2025,True,False,True,False,False
2025.acl-demo.52,§4.1,crowdsourced,2025,True,False,False,False,False
2025.aimecon-main.37,§4.6,llm_annotator,2025,True,False,True,False,False
2025.analogyangle-1.5,§4.6,llm_annotator,2025,True,False,True,False,False
2025.analogyangle-1.8,§4.6,llm_annotator,2025,True,True,True,False,False
2025.banglalp-1.8,§4.5,classical,2025,False,False,False,True,False
2025.banglalp-1.15,§4.5,llm_annotator,2025,True,True,True,False,False
2025.banglalp-1.28,§4.5,classical,2025,False,False,False,False,False
2025.bhasha-1.2,§4.3,llm_annotator,2025,False,False,False,False,False
2025.bsnlp-1.2,§4.6,llm_annotator,2025,True,False,True,False,True
2025.chipsal-1.19,§4.5,classical,2025,False,True,True,False,False
2025.climatenlp-1.11,§3,llm_annotator,2025,False,False,True,False,False
2025.comedi-1.5,§4.6,classical,2025,False,False,True,False,False
2025.comedi-1.6,§4.6,classical,2025,False,False,True,False,True
2025.comedi-1.7,§4.6,classical,2025,False,False,False,False,True
2025.comedi-1.8,§4.6,classical,2025,False,False,True,False,True
2025.comedi-1.10,§4.6,classical,2025,False,False,True,False,True
2025.comedi-1.11,§4.1,classical,2025,False,False,False,False,False
2025.comedi-1.13,§4.2,llm_annotator,2025,True,True,False,False,False
2025.comedi-1.15,§4.6,classical,2025,False,False,True,False,False
2025.emnlp-main.10,§4.6,classical,2025,True,False,True,False,True
2025.emnlp-main.106,§4.1,classical,2025,False,False,True,False,False
2025.emnlp-main.144,§4.6,crowdsourced,2025,False,False,False,False,True
2025.emnlp-main.326,§4.3,crowdsourced,2025,True,False,False,False,False
2025.emnlp-main.1375,§4.2,crowdsourced,2025,False,True,True,False,False
2025.emnlp-main.1519,§4.4,llm_annotator,2025,True,False,True,False,False
2025.emnlp-main.1625,§4.6,crowdsourced,2025,True,False,True,False,False
2025.emnlp-main.1800,§4.6,crowdsourced,2025,False,False,False,False,False
2025.findings-naacl.185,§4.1,llm_annotator,2025,False,False,True,False,False
2025.findings-acl.293,§4.6,llm_annotator,2025,False,False,False,False,False
2025.findings-acl.836,§4.6,llm_annotator,2025,True,False,False,False,False
2025.findings-acl.842,§4.6,crowdsourced,2025,True,False,True,True,False
2025.findings-acl.922,§4.1,crowdsourced,2025,True,False,True,False,False
2025.findings-acl.1180,§4.3,classical,2025,True,False,True,False,False
2025.findings-acl.1216,§4.5,llm_annotator,2025,True,False,False,False,False
2025.findings-acl.1351,§4.6,llm_annotator,2025,False,True,False,False,False
2025.findings-emnlp.176,§4.1,crowdsourced,2025,True,True,True,False,False
2025.findings-emnlp.422,§4.2,llm_annotator,2025,True,True,True,True,True
2025.findings-emnlp.587,§4.6,classical,2025,False,False,False,False,False
2025.findings-emnlp.824,§4.6,crowdsourced,2025,True,False,True,False,False
2025.findings-ijcnlp.56,§4.6,classical,2025,False,False,False,False,False
2025.findings-ijcnlp.143,§4.6,crowdsourced,2025,True,False,False,False,True
2025.gem-1.54,§4.7,crowdsourced,2025,True,True,False,False,False
2025.gem-1.57,§4.7,classical,2025,True,True,True,False,False
2025.hcinlp-1.20,§4.6,crowdsourced,2025,True,True,True,False,False
2025.ijcnlp-long.1,§4.6,classical,2025,False,False,False,False,False
2025.ijcnlp-short.12,§4.6,llm_annotator,2025,False,False,True,True,False
2025.inlg-main.4,§4.7,crowdsourced,2025,True,True,True,False,False
2025.inlg-main.48,§4.6,llm_annotator,2025,True,True,False,False,False
2025.iwcs-main.17,§4.6,crowdsourced,2025,False,False,False,False,True
2025.jeptalnrecital-taln.49,§4.6,classical,2025,False,False,True,False,False
2025.law-1.1,§4.5,crowdsourced,2025,True,False,True,False,False
2025.law-1.3,§4.3,llm_annotator,2025,False,False,False,False,False
2025.law-1.7,§4.6,crowdsourced,2025,False,False,False,False,False
2025.law-1.24,§4.6,llm_annotator,2025,True,False,True,False,True
2025.law-1.28,§4.3,classical,2025,False,False,True,False,False
2025.law-1.30,§4.1,crowdsourced,2025,True,False,True,True,False
2025.mwe-1.7,§4.1,classical,2025,False,False,True,True,False
2025.naacl-short.13,§4.3,classical,2025,False,False,True,False,False
2025.naacl-demo.40,§4.4,crowdsourced,2025,False,False,True,False,False
2025.nllp-1.23,§4.6,classical,2025,False,False,True,False,False
2025.nlp4dh-1.32,§4.5,classical,2025,False,False,True,False,False
2025.nlp4pi-1.18,§4.6,llm_annotator,2025,True,False,False,False,False
2025.nlperspectives-1.5,§4.6,crowdsourced,2025,True,False,False,False,False
2025.nlperspectives-1.6,§4.1,llm_annotator,2025,True,True,True,False,False
2025.nlperspectives-1.8,§4.6,crowdsourced,2025,True,False,False,False,False
2025.nlperspectives-1.17,§4.6,crowdsourced,2025,True,False,True,False,False
2025.nlperspectives-1.21,§4.6,classical,2025,True,False,False,False,False
2025.nlperspectives-1.22,§4.6,crowdsourced,2025,False,False,False,False,False
2025.ommm-1.1,§4.6,llm_annotator,2025,True,True,True,True,False
2025.ranlp-1.49,§4.3,llm_annotator,2025,True,True,True,False,True
2025.ranlp-1.57,§4.5,crowdsourced,2025,True,False,False,False,False
2025.ranlp-1.65,§4.6,classical,2025,False,False,True,True,False
2025.ranlp-1.102,§4.5,classical,2025,False,False,True,True,True
2025.ranlp-1.142,§4.6,crowdsourced,2025,False,False,False,True,True
2025.ranlp-1.162,§4.5,classical,2025,False,False,False,True,False
2025.ranlp-1.163,§4.5,classical,2025,False,True,False,False,False
2025.resourceful-1.24,§4.3,classical,2025,False,False,False,False,False
2025.scil-1.2,§4.6,crowdsourced,2025,True,False,True,True,False
2025.semeval-1.322,§4.6,classical,2025,False,True,False,True,False
2025.sigdial-1.14,§4.3,classical,2025,False,True,True,False,False
2025.sigdial-1.17,§4.3,llm_annotator,2025,True,False,True,False,False
2025.sigdial-1.19,§3,classical,2025,False,True,True,False,False
2025.sigdial-1.56,§4.6,classical,2025,False,False,True,False,False
2025.tsar-1.1,§4.6,classical,2025,True,False,True,False,False
2025.wmt-1.5,§4.7,classical,2025,True,True,True,False,False
2025.woah-1.5,§4.6,crowdsourced,2025,True,True,False,False,True
2025.woah-1.47,§4.5,classical,2025,False,False,False,False,False
2026.eacl-long.3,§4.6,llm_annotator,2026,False,False,False,False,True
2026.eacl-long.103,§4.2,llm_annotator,2026,False,False,True,True,False
2026.eacl-long.186,§4.6,llm_annotator,2026,True,False,True,False,False
2026.eacl-long.341,§4.6,classical,2026,True,False,False,False,False
2026.eacl-long.368,§4.6,classical,2026,True,True,True,True,True
2026.eacl-srw.32,§4.4,classical,2026,False,False,False,False,True
2026.findings-eacl.100,§4.6,classical,2026,False,False,False,False,True
2026.lchange-1.1,§4.5,crowdsourced,2026,True,False,False,True,True
2026.loreslm-1.19,§4.6,classical,2026,True,False,False,False,False
2026.mme-main.1,§4.6,llm_annotator,2026,True,False,True,False,False
2026.mwe-1.3,§4.3,llm_annotator,2026,False,False,True,False,False
2026.tacl-1.6,§4.6,crowdsourced,2026,True,False,True,False,True
2026.vardial-1.10,§4.3,classical,2026,False,False,True,False,False
C10-2089,§3,classical,2010,False,False,False,False,False
C14-2023,§3,classical,2014,False,False,False,False,False
C16-1037,§4.1,classical,2016,False,False,True,True,False
C16-1082,§4.1,classical,2016,False,False,True,False,False
C16-1294,§4.7,classical,2016,False,False,False,True,False
C16-1324,§4.3,crowdsourced,2016,True,False,True,False,False
C18-1064,§4.5,classical,2018,False,False,False,False,False
C18-1208,§4.3,classical,2018,True,False,True,True,True
C18-1254,§4.3,llm_annotator,2018,False,False,True,True,False
C18-1281,§4.1,crowdsourced,2018,True,False,True,True,False
C18-1296,§4.3,classical,2018,False,False,True,False,True
D19-1107,§4.1,crowdsourced,2019,True,True,True,False,False
D19-5315,§4.6,classical,2019,False,False,True,False,False
E14-1058,§4.5,classical,2014,False,False,True,False,True
E14-1078,§3,crowdsourced,2014,False,False,False,True,True
F12-2031,§3,llm_annotator,2012,False,False,False,False,True
I17-1043,§4.2,classical,2017,False,False,False,False,False
J09-4005,§3,classical,2009,False,False,False,False,True
J15-3003,§3,classical,2015,True,False,True,False,False
J17-3006,§4.1,classical,2017,False,False,False,False,False
K19-1024,§4.3,classical,2019,False,True,True,False,True
K19-1046,§4.1,crowdsourced,2019,True,False,False,False,True
K19-2016,§4.2,classical,2019,True,False,True,False,False
L00-1247,§3,classical,2000,False,False,False,False,False
L06-1128,§4.4,classical,2006,False,False,False,False,False
L06-1215,§4.2,classical,2006,False,False,False,False,False
L06-1312,§4.4,classical,2006,False,False,False,False,False
L06-1332,§4.1,classical,2006,False,False,False,False,True
L06-1346,§4.1,classical,2006,False,False,False,False,False
L06-1391,§4.3,classical,2006,False,False,False,False,False
L06-1392,§4.7,classical,2006,False,False,False,False,False
L08-1009,§4.3,classical,2008,False,False,True,False,False
L08-1017,§4.3,classical,2008,False,False,False,False,False
L08-1088,§4.5,classical,2008,False,False,False,False,False
L08-1094,§4.4,classical,2008,False,False,False,False,False
L08-1105,§4.2,classical,2008,False,False,False,False,False
L08-1107,§4.1,classical,2008,False,False,False,False,False
L08-1160,§4.5,classical,2008,False,False,False,False,False
L08-1166,§4.5,classical,2008,False,False,False,False,False
L08-1167,§4.6,classical,2008,False,False,False,False,False
L08-1169,§4.4,classical,2008,False,False,False,True,False
L08-1185,§4.1,classical,2008,False,False,False,False,False
L08-1205,§4.1,classical,2008,False,False,False,False,False
L08-1304,§4.1,classical,2008,False,False,False,False,False
L08-1330,§3,classical,2008,False,False,False,False,False
L08-1360,§3,classical,2008,False,False,False,False,False
L08-1366,§4.2,classical,2008,False,False,False,False,False
L08-1380,§4.3,classical,2008,False,False,False,False,False
L08-1428,§4.3,classical,2008,False,False,False,False,False
L08-1460,§4.2,classical,2008,False,False,False,False,False
L08-1563,§4.4,classical,2008,False,False,False,False,False
L10-1088,§4.3,classical,2010,False,False,False,False,False
L10-1093,§4.1,classical,2010,False,False,False,False,False
L10-1103,§4.4,classical,2010,False,False,False,False,False
L10-1106,§4.3,classical,2010,False,False,False,False,False
L10-1133,§4.7,classical,2010,False,False,False,False,False
L10-1143,§4.2,classical,2010,False,False,False,False,False
L10-1145,§4.4,classical,2010,False,False,False,False,False
L10-1157,§3,classical,2010,False,False,False,False,False
L10-1163,§4.3,classical,2010,False,False,False,False,False
L10-1166,§4.1,classical,2010,False,False,False,False,False
L10-1183,§4.1,classical,2010,False,False,False,False,False
L10-1266,§4.2,classical,2010,False,False,False,False,False
L10-1274,§4.2,classical,2010,False,False,False,False,False
L10-1290,§4.5,classical,2010,False,False,False,False,False
L10-1302,§4.1,classical,2010,False,False,False,False,False
L10-1307,§4.4,classical,2010,False,False,False,False,False
L10-1374,§4.1,classical,2010,False,False,False,False,False
L10-1424,§4.1,classical,2010,False,False,False,True,False
L10-1450,§4.3,classical,2010,False,False,False,False,False
L10-1456,§4.1,classical,2010,False,False,False,False,False
L10-1458,§4.7,classical,2010,False,False,False,False,False
L10-1465,§4.3,classical,2010,False,False,False,False,False
L10-1469,§4.4,classical,2010,False,False,False,False,False
L10-1476,§4.5,classical,2010,False,False,False,False,False
L10-1492,§4.7,classical,2010,False,False,False,False,False
L10-1512,§4.2,classical,2010,False,False,False,False,False
L10-1526,§4.2,classical,2010,False,False,False,False,False
L10-1565,§4.3,classical,2010,False,False,False,False,False
L10-1578,§4.3,classical,2010,False,False,False,False,False
L10-1628,§4.3,classical,2010,False,False,True,False,False
L10-1630,§4.3,classical,2010,False,False,False,False,False
L12-1077,§4.4,classical,2012,False,False,False,False,False
L12-1087,§4.7,classical,2012,False,False,False,True,False
L12-1114,§4.2,classical,2012,False,False,False,False,False
L12-1142,§4.4,classical,2012,False,False,False,False,False
L12-1175,§4.3,classical,2012,False,False,False,False,False
L12-1177,§4.7,classical,2012,False,False,False,False,True
L12-1178,§4.1,classical,2012,False,False,True,False,False
L12-1182,§4.4,classical,2012,False,False,False,False,False
L12-1184,§4.1,classical,2012,False,False,False,False,False
L12-1189,§4.2,classical,2012,False,False,False,False,False
L12-1252,§4.1,classical,2012,False,False,False,False,False
L12-1310,§3,classical,2012,False,False,False,False,False
L12-1312,§4.1,classical,2012,False,False,False,False,False
L12-1335,§4.3,crowdsourced,2012,False,False,False,False,False
L12-1357,§4.1,classical,2012,False,False,False,False,False
L12-1370,§4.4,classical,2012,False,False,False,False,False
L12-1384,§4.1,crowdsourced,2012,True,False,False,False,False
L12-1417,§4.7,classical,2012,False,False,False,False,False
L12-1441,§4.2,classical,2012,False,False,False,False,False
L12-1458,§4.3,classical,2012,False,False,False,False,False
L12-1498,§4.3,classical,2012,False,False,False,False,False
L12-1520,§4.1,classical,2012,False,False,False,False,False
L12-1533,§4.3,classical,2012,False,False,False,False,False
L12-1572,§4.1,classical,2012,False,False,False,False,False
L12-1591,§4.3,classical,2012,False,False,False,True,False
L12-1650,§3,classical,2012,False,False,False,False,False
L14-1018,§4.5,classical,2014,False,False,False,False,False
L14-1020,§4.4,classical,2014,False,False,False,False,False
L14-1107,§4.6,classical,2014,False,False,False,False,True
L14-1111,§4.4,crowdsourced,2014,False,False,True,False,False
L14-1136,§4.7,classical,2014,False,False,False,False,False
L14-1145,§4.1,classical,2014,False,False,False,False,False
L14-1187,§4.2,classical,2014,False,False,False,False,False
L14-1188,§4.5,classical,2014,False,False,False,False,False
L14-1199,§4.3,classical,2014,False,False,False,False,False
L14-1233,§4.4,classical,2014,False,False,False,False,False
L14-1240,§4.5,classical,2014,False,False,False,False,False
L14-1256,§4.4,classical,2014,False,False,False,False,False
L14-1273,§4.2,classical,2014,False,False,False,False,False
L14-1291,§4.3,classical,2014,False,False,False,False,False
L14-1293,§4.1,classical,2014,False,False,False,False,False
L14-1312,§4.3,classical,2014,False,False,False,True,False
L14-1346,§4.7,classical,2014,False,False,False,False,False
L14-1380,§4.3,classical,2014,False,False,False,False,False
L14-1398,§4.1,classical,2014,False,False,False,False,False
L14-1453,§4.3,classical,2014,False,False,False,False,False
L14-1467,§4.7,classical,2014,False,False,False,False,False
L14-1545,§4.2,classical,2014,False,False,False,False,False
L14-1586,§4.5,classical,2014,False,False,False,False,False
L14-1596,§4.2,classical,2014,False,False,False,False,False
L14-1601,§4.7,classical,2014,False,False,False,False,False
L14-1656,§4.5,classical,2014,False,False,False,False,False
L14-1741,§4.4,classical,2014,False,False,False,False,False
L16-1016,§4.1,classical,2016,False,False,True,False,False
L16-1025,§4.3,classical,2016,False,False,False,False,False
L16-1031,§4.1,classical,2016,False,False,True,True,False
L16-1044,§4.7,classical,2016,False,False,True,True,False
L16-1137,§4.3,classical,2016,False,False,False,True,False
L16-1168,§4.3,classical,2016,False,False,False,False,False
L16-1178,§4.5,crowdsourced,2016,False,False,False,False,False
L16-1181,§4.5,crowdsourced,2016,True,True,True,False,True
L16-1212,§4.1,classical,2016,False,True,True,True,False
L16-1243,§4.2,classical,2016,False,False,True,True,False
L16-1267,§4.3,crowdsourced,2016,False,False,False,False,True
L16-1271,§4.1,classical,2016,False,False,True,False,True
L16-1275,§4.1,classical,2016,False,False,True,True,True
L16-1279,§4.3,classical,2016,False,False,True,False,False
L16-1295,§4.7,classical,2016,True,False,True,True,False
L16-1377,§4.2,classical,2016,False,False,False,True,False
L16-1420,§4.3,classical,2016,False,False,True,False,False
L16-1460,§4.3,crowdsourced,2016,True,False,True,True,True
L16-1462,§4.5,crowdsourced,2016,True,True,True,False,False
L16-1482,§4.3,classical,2016,False,False,True,False,True
L16-1501,§4.1,crowdsourced,2016,True,True,True,False,True
L16-1507,§4.3,classical,2016,False,True,True,False,False
L16-1530,§4.2,classical,2016,True,False,True,False,False
L16-1590,§4.1,classical,2016,False,False,True,False,False
L16-1598,§4.1,classical,2016,True,False,True,False,False
L16-1599,§4.3,classical,2016,False,False,True,False,False
L16-1618,§4.1,crowdsourced,2016,True,False,False,True,True
L16-1619,§4.3,classical,2016,False,False,True,False,False
L16-1620,§4.3,classical,2016,True,False,False,True,False
L16-1650,§4.3,classical,2016,False,False,True,False,True
L16-1669,§4.2,crowdsourced,2016,False,False,False,True,False
L16-1691,§4.1,classical,2016,False,False,True,False,False
L16-1701,§3,classical,2016,False,True,True,True,False
L18-1640,§3,classical,2018,False,False,False,False,False
N04-4020,§4.1,classical,2004,False,False,False,False,False
N13-1061,§4.2,classical,2013,False,False,False,False,False
N18-1074,§4.4,classical,2018,False,False,False,False,False
N18-1101,§4.1,classical,2018,True,False,False,False,False
N18-2027,§4.3,classical,2018,False,False,False,False,False
N18-2036,§4.1,classical,2018,False,False,True,True,False
N18-2052,§4.3,classical,2018,False,False,True,True,False
N19-1224,§4.3,crowdsourced,2019,True,False,True,False,False
N19-1295,§4.1,crowdsourced,2019,False,False,True,False,False
P13-1004,§4.7,crowdsourced,2013,False,False,True,False,False
P14-1088,§3,classical,2014,False,False,True,False,False
P18-1018,§4.3,classical,2018,True,False,True,True,False
P18-1122,§4.4,crowdsourced,2018,True,False,True,False,True
P18-1127,§4.7,crowdsourced,2018,False,False,False,False,False
P19-1087,§4.2,classical,2019,False,False,True,True,True
P19-1330,§4.6,crowdsourced,2019,True,False,True,False,False
P19-1386,§4.4,classical,2019,False,False,False,True,False
P19-3010,§4.2,crowdsourced,2019,True,False,False,False,False
Q14-1025,§4.3,crowdsourced,2014,True,False,True,False,False
Q18-1006,§4.4,classical,2018,False,False,False,False,False
Q18-1007,§3,classical,2018,False,False,True,False,True
R17-1015,§4.5,classical,2017,False,False,False,False,False
R17-1044,§4.5,classical,2017,False,False,False,False,False
R17-1063,§4.5,classical,2017,False,False,False,False,False
R19-1020,§4.1,classical,2019,False,False,True,False,False
R19-1023,§4.1,classical,2019,False,False,False,False,False
R19-1066,§4.5,classical,2019,False,False,False,False,False
S18-2028,§4.7,classical,2018,False,False,False,False,False
S19-1019,§4.4,crowdsourced,2019,True,False,True,False,True
W06-1318,§4.3,classical,2006,False,False,True,False,False
W08-1209,§3,classical,2008,False,False,False,False,False
W11-4649,§4.2,classical,2011,False,False,False,False,False
W13-1723,§4.2,classical,2013,False,False,True,True,True
W14-2904,§3,classical,2014,False,False,False,False,False
W16-1706,§4.6,crowdsourced,2016,False,False,False,False,False
W16-1711,§3,classical,2016,False,False,False,False,False
W16-4018,§4.3,crowdsourced,2016,False,False,True,False,False
W16-4703,§4.4,classical,2016,False,False,False,False,False
W16-5108,§4.1,classical,2016,False,False,True,False,False
W16-5110,§4.3,classical,2016,False,False,False,False,False
W16-5402,§4.3,classical,2016,False,False,False,False,False
W17-0810,§4.4,classical,2017,True,False,False,False,False
W17-0812,§4.4,llm_annotator,2017,False,False,True,False,False
W17-1403,§4.3,classical,2017,False,False,False,False,False
W17-1808,§4.4,classical,2017,False,False,False,False,False
W17-5051,§4.1,classical,2017,True,False,False,False,False
W17-5502,§4.3,classical,2017,True,False,True,False,False
W18-0510,§4.1,crowdsourced,2018,False,True,False,True,True
W18-2325,§4.4,classical,2018,False,False,True,False,False
W18-3502,§4.1,crowdsourced,2018,False,False,False,False,False
W18-4914,§4.1,classical,2018,False,False,False,True,False
W18-4921,§4.1,classical,2018,True,True,True,True,False
W18-5210,§4.3,crowdsourced,2018,True,False,False,False,False
W18-5503,§4.4,crowdsourced,2018,True,False,True,False,True
W18-5610,§4.1,classical,2018,False,False,True,True,False
W18-5613,§4.1,classical,2018,False,False,True,False,False
W18-6022,§4.2,classical,2018,False,False,True,True,True
W18-6312,§4.7,crowdsourced,2018,True,False,True,True,False
W18-7102,§3,classical,2018,False,False,False,True,False
W19-0402,§4.3,classical,2019,False,False,True,False,False
W19-2514,§4.6,classical,2019,False,False,True,False,False
W19-2707,§4.3,classical,2019,False,True,False,False,False
W19-2712,§3,classical,2019,False,False,True,False,False
W19-3309,§4.3,classical,2019,False,True,True,False,True
W19-3316,§4.3,classical,2019,True,False,False,False,True
W19-3510,§4.5,classical,2019,False,False,True,True,True
W19-3512,§4.5,classical,2019,False,False,True,True,False
W19-3802,§3,crowdsourced,2019,True,False,True,False,False
W19-4001,§4.3,crowdsourced,2019,True,False,False,False,True
W19-4008,§4.3,classical,2019,False,False,False,False,False
W19-4014,§4.3,classical,2019,False,False,True,True,False
W19-4434,§4.5,classical,2019,False,False,True,True,False
W19-5923,§4.4,crowdsourced,2019,True,False,False,False,False
W19-5937,§4.1,classical,2019,False,False,True,True,False
W19-8609,§3,crowdsourced,2019,True,False,True,False,False
W19-8642,§4.7,crowdsourced,2019,True,False,True,True,False
W19-8713,§4.1,classical,2019,False,True,True,True,False
W99-0502,§4.3,classical,1999,True,False,False,False,False
